,Time,Channel1,Channel2,Channel3,Channel4,Channel5,Channel6
0,1.3703279651181976e-19,1.7677637306320238e-16,-1.025064855072154e-17,6.782513901336594e-17,-3.1271096957607463,8.722437973515986e-17,-3.1271096957607463
1,0.00776458747339866,2.1477612544118996,-0.014792602833429737,0.24487279568390033,-1.919065055351066,1.5549137814300382,-3.537521758045849
2,0.01926029324795169,3.151398603718562,-0.0017704927232008458,0.030993100035639397,-0.0824744602233177,3.064266469140994,-3.154163763781881
3,0.029861015677505397,1.735712156666532,0.02222714112840371,-0.44676675267218385,0.46028512555036255,3.4754820203861074,-2.9282539395203
4,0.038884302653028134,0.07066477640261408,0.005241339077670976,-0.13438112367135133,0.04545064070431865,3.1652382123244944,-3.0991182804817097
5,0.047863916615789565,0.6729778726960295,-0.03200862359285157,1.353960413738662,-0.058609866920497425,3.0301301675505767,-3.221418721667623
6,0.05800799081869252,2.784326999867031,-0.011373529992799229,2.933162961756581,0.03112148781249049,3.1223522286368333,-3.143747924707048
7,0.06809921156415352,3.830894836770518,0.04537466499098562,3.4406870769277,-0.2931178153721254,3.0614021702385323,-3.100671492367397
8,0.0776072484318246,3.3110385321568367,0.02208989013665863,3.1808719205432254,-0.2344236699773573,3.0649620344509207,-3.1285267177779206
9,0.08697387348132403,2.8589077993784313,-0.07581866176103173,3.131722489057416,1.1924676084482915,3.373653425235537,-3.0896897567084793
10,0.0967925052407125,3.10214381193655,-0.050829700783861564,3.2298913020432574,2.8995349698251123,3.349922199950352,-3.0907563398923794
11,0.10670357221012225,2.7009954203946247,0.11155524165924387,2.475855277663739,2.7759955293004395,2.2348999688658244,-3.2208733409037418
12,0.11631324569887046,0.8424306397084068,0.09521769560505773,0.6934400842893892,0.7907031604546152,0.5219680127938461,-3.2097141836474434
13,0.12590917723126685,-1.0531156374087574,-0.2108223065561805,-0.7952211642078196,-0.8485902169500797,-0.5028027506454323,-2.9591154456545827
14,0.13558097611507666,-0.9073103244347352,-0.26432741242279173,-0.6272115139000345,-0.6116319440703881,-0.351269859866834,-2.9516676976195897
15,0.14542680775197053,1.6438493827320049,0.6283254840357481,1.0174662048579661,0.9329997338034616,0.5889506311167995,-3.4178750686917043
16,0.15502752591101246,4.952117316132931,2.307062416008246,2.668236728974798,2.5202944372152793,2.108020668067907,-3.531273608948926
17,0.16477479601632947,7.0262200987334875,3.6863472718523727,3.2956774061426786,3.52477229501186,4.190138665793143,-2.4341138221640644
18,0.1743631141293282,7.007139047515721,3.740306656412811,3.191322985046967,3.6024645414407837,5.948560394941038,-0.7073941602961545
19,0.18420875950714075,5.502630036999923,2.4572921695198393,3.128022611119234,2.5361236358197,6.019866315910103,0.2577493433812979
20,0.19376287150397922,3.805061557309648,0.7698801200895476,3.1823274806445188,0.843085543567561,4.329836324650159,0.1606495491619646
21,0.2036081234738399,2.916948558589707,-0.25998242096303187,3.053612146220632,-0.2888698565745335,2.6358839223815793,-0.013990731854056984
22,0.21313831935471653,2.8995894620700167,-0.3050671330372303,2.9434810742232447,-0.3284603730381003,2.4783596736823545,0.14504149195169747
23,0.22301015625488815,3.2131527026605244,0.12986137473296674,3.2505474000700185,0.1280873088129599,3.418273851384665,-0.23341021945740686
24,0.232514997479413,3.3012873988931255,0.26975621344301814,3.476768511279753,0.23879624917101255,3.738922102413724,-1.758525908864687
25,0.24241508492372715,3.0400072286556212,-0.12767809471270566,2.932487960158875,-0.10360396059437162,2.8489935244108935,-3.450452165283935
26,0.2518932171330946,2.7480546402672585,-0.5023999474503454,2.338861619579175,-0.395825288056905,2.117495325567115,-3.8272389367943767
27,0.26182311937310165,3.3484145803785617,0.2607435723220405,3.5025393616333624,0.21501818148604435,3.599447961283292,-2.9371802874957367
28,0.27127327673073226,5.85276462442977,2.8957577025109984,6.656151663433104,2.6139159504530434,7.854561787786456,-2.3372923799815983
29,0.2812344472346602,9.828405814424158,6.665429966722833,9.616955137648473,6.758714820353579,13.02926046107503,-3.30749962334944
30,0.2906554621508803,12.752307188840295,9.356516203635774,10.31933047767496,10.848464097884767,16.051398489271644,-5.210125634457484
31,0.300649228267055,12.42244501403801,9.320833704519742,9.327520217797106,12.515178448929662,15.54878950601561,-6.260734047207512
32,0.3100400472628592,10.118975808293627,7.47625143592451,8.737915426606676,11.351458568570214,13.40417762536676,-5.334836531660004
33,0.3200496216762682,9.369105576307192,6.260204167425296,9.366471444254213,9.40494234657274,12.506725381148701,-3.162948639323028
34,0.32942729456447156,11.145040868496336,6.437925780539352,10.040019034185143,8.750879556971261,13.021752473188187,-1.2124607567165444
35,0.33939663043110246,12.511039749557222,6.32827497858853,9.48313830768853,9.32549828608728,12.625781455266186,-0.07279972970772237
36,0.3488174558147496,11.298665397778219,4.7619841441090305,7.893284593227983,9.753314220017435,10.61721562503239,1.0183421168507483
37,0.35874269926123825,9.485381378835017,3.205549832478517,6.4032505298230245,9.450915247386275,9.358261822987407,2.818392915862646
38,0.3682107725469151,9.969062611873797,3.7077454435235033,5.791639260778997,9.099020680428001,10.504968104469059,4.956204818486469
39,0.37808838429335917,12.128493291666095,5.836608161423143,6.0970195082089,9.29637040837948,12.305731930972893,6.205916796200512
40,0.3876074763505862,13.200456890275786,7.176400435653245,7.1417604619175155,9.635837225968476,12.589023937344788,5.694702879679077
41,0.3974342354910303,12.685629147618807,6.5897075429791805,8.841801164025133,9.49156419956417,12.345182711738863,3.738941762932584
42,0.407007788819222,12.358972902158097,5.559102974615577,10.87691624889878,9.151077885639644,13.635706470300411,1.6517432124584843
43,0.4167807915725609,12.614365885480389,5.8724132913417195,12.346599966384979,9.284426932354313,15.474235794458112,0.353455986979174
44,0.42641192106873277,11.538116441054987,7.007608480591501,12.20339220267307,9.309716131075733,14.768423940432603,-1.006756734894448
45,0.4361285757294642,8.029359737502723,6.876542582579928,10.349201405196228,7.573095843066511,11.046601569331537,-4.285847208921379
46,0.44582007274590424,3.679543916319949,4.964378805373373,8.014124833944708,3.9022873345655156,7.384067888665929,-9.602136792755925
47,0.45547809215203305,0.745002979678734,3.2945899701356685,6.5912245723541,0.6766577388503747,6.211339557739957,-14.379210575953026
48,0.4652324304605496,-0.6275571508955972,3.32324592296242,5.888881956492243,-0.1296538266224763,6.216385635402277,-16.237969161898096
49,0.4748298233461348,-2.033962707805288,3.6016402035412063,4.4305467343268425,0.2392830777094698,4.686367524532095,-15.883571427768779
50,0.48464916559283866,-4.244364964526284,2.291605561699074,1.833219870234014,-0.6738853720520585,1.611781044366134,-15.659930110091176
51,0.49418422820397706,-6.001199206609711,0.41768022847007197,0.01740143464001223,-2.554411456696661,-0.21526202756148058,-15.938272515804094
52,0.5040704314466815,-6.175349887488293,0.0931950140250171,0.33934310858512756,-3.1979186803310222,0.46975573399761494,-15.188680867746612
53,0.5135417407717818,-5.905323814483759,0.5638979533056289,0.9207234326430596,-2.832968873302601,1.0354653743862328,-13.525180859405936
54,0.5234963597409925,-6.630111836209653,-0.6924309664236682,-1.0260009678089805,-3.671475510332199,-0.9831878032338084,-12.146962687403192
55,0.5329027696394042,-7.275575978736356,-2.956923037556205,-4.705120014084,-5.788182156537225,-3.4715139279557676,-11.115760520348697
56,0.5429270564527496,-5.447127394406948,-2.618268739787279,-6.359246160210714,-5.951212576359174,-2.37935553643934,-8.35230975594513
57,0.5522676978613027,-1.830408705141143,0.9182123404031112,-4.754700258087368,-2.8391539605975504,1.4854668032819276,-3.5703637304448694
58,0.5623625970484635,0.14407753854273586,3.3021508401060045,-2.8941426377232182,0.5159038511341499,3.063289691640862,0.720787161961776
59,0.5716368833052466,-1.0936255623292641,1.0597536015583482,-3.7395317443140983,0.1447002414499558,0.22367978408979783,1.6423712827402766
60,0.5818030211636046,-3.471504234466799,-3.915143031146229,-6.797204007900757,-3.8758188098850286,-3.6313207952522357,-0.4175305446695856
61,0.5910106593149829,-5.077795267752314,-7.666880390733867,-10.083557173056361,-7.977557327204013,-5.459628735800162,-2.617194124314905
62,0.6012483268121306,-6.382569010498394,-9.52846980704959,-12.716179614983732,-9.380721126107424,-6.352156672924217,-3.1042381224428914
63,0.6103893355659543,-7.316165701154306,-11.24034453888365,-13.874236941577948,-8.159118990317339,-7.272635536826337,-2.69150390703964
64,0.6206984642300976,-6.17903975744782,-12.514648999117234,-12.424707129662282,-6.2005859864481145,-6.169065128643096,-3.161019715014484
65,0.6297731989893511,-3.410314350600191,-10.436244496230275,-9.559011132871314,-5.27275364994809,-2.4185567430219206,-4.623733171035073
66,0.640081478032846,-3.059614660426374,-3.4126287994308013,-9.308990904509706,-6.1986159224964785,-0.004864959662753646,-6.2091987195729965
67,0.6491625146391378,-6.918763615235125,5.9035038552164405,-13.627107349587154,-7.933593640595859,-1.8040654416805126,-7.009256497748457
68,0.6593937275772865,-9.517809669286592,12.234384448848514,-18.50964599332459,-6.717515454164297,-3.3000822463883916,-3.891243264106469
69,0.6685575263795256,-3.1020141233944813,11.66590610171639,-17.993215314343292,2.505789008256773,2.7767358689092028,11.069330138430452
70,0.6787065202147828,12.757607055622078,4.594960021564781,-10.867553829399894,21.403318092346378,16.429149430070925,43.56501742214478
71,0.6879584572764221,29.341637630537722,-4.748359723061888,-1.5303310839897064,44.25792787516066,28.819838970005407,85.41350951623062
72,0.6980206126736422,37.27030341548943,-11.593773863648707,5.282152375546633,60.620158118993714,31.914283706116507,115.56461353981898
73,0.7073655095856648,35.12468678796229,-14.030692716470323,8.276364323459553,64.08627063725653,26.935312395128708,119.76812609535858
74,0.7173367357462184,29.361944368310095,-13.12917505476817,9.162944429055843,58.30405402790296,22.187437898402326,105.08255016254328
75,0.726778864243137,26.817985583532522,-10.566180889361053,10.230989783438002,52.46708087660701,23.379906545423303,89.63414389886823
76,0.7366555898292381,27.89896092649879,-7.328090524431415,12.06013158149804,50.59765236914773,27.527078201221858,80.87259760642362
77,0.7461986797770475,26.834094721038525,-4.8117054102689085,12.172040573188559,47.03280281961531,26.44291677009024,71.32542945098291
78,0.7559778414146485,18.22497373078056,-5.117300455216028,6.9708904086898595,33.70027476489858,15.776567152761652,53.33504905164583
79,0.76562509058024,3.278594827316052,-8.545160911694088,-3.3091735748119357,10.866798404480967,-0.08468998499799295,29.64141212430879
80,0.7753041204974431,-11.029781116375574,-12.012545350458547,-13.051710314918516,-11.509830825642693,-12.52291979259443,8.13294108683498
81,0.785058204500322,-18.65195267870717,-11.914020547808923,-16.57359732376394,-23.33630690812127,-17.086827004309214,-7.326166884809375
82,0.7946350188446181,-19.607389871065408,-8.397717136795409,-14.36096130736516,-23.846279794209437,-16.449434414565115,-17.700132172499945
83,0.8044980997270422,-17.939558454683176,-4.828570241750558,-11.274723804301859,-20.26765245081292,-15.111203787022127,-24.83752845274871
84,0.813971089048918,-16.506785654816397,-3.3996394217317554,-9.988096093405762,-18.749771872216765,-13.976876638844098,-29.51995048625968
85,0.8239448209794451,-14.883644476930634,-2.885528954568654,-8.704892189977777,-18.62012248465769,-11.059685857723956,-31.970773037309552
86,0.8333128442728742,-11.993617029905744,-1.4623534699233158,-5.6800248578919925,-16.073264015366327,-6.256732171221926,-32.18745866732889
87,0.8433983750193572,-7.9708821006951895,0.7233725325650124,-1.9307725731211867,-10.473996067433271,-1.8445203147010605,-30.60451276307863
88,0.8526607585730108,-3.498603619873976,2.383346967045051,1.0355194148886657,-5.186214719460739,1.031089804230974,-28.67112487209868
89,0.8628587255422381,1.3275389355977503,3.3645337402946773,4.042624961884892,-2.7358311414884326,4.080468577733759,-28.226919004710307
90,0.8720152676814926,6.127573393532574,4.592766814384826,8.418970996382523,-1.7791220948339987,8.602687908947974,-29.668873761012
91,0.8823257875208976,10.09756609839221,6.784004212948512,13.50972658811413,0.7200392690298073,13.40335951101156,-31.624897312380934
92,0.8913767701130046,13.095221088497762,9.783668442237685,17.219899117357595,5.386261925689969,16.739200915700692,-32.23301160106456
93,0.9017994211014755,16.079481300684094,12.9252940284395,18.91845817385859,9.892816698086747,19.087526893997598,-31.046315621034022
94,0.9107456284585657,19.349214231647224,15.087328649292129,20.005910930377055,12.049924850919838,21.839411071532908,-29.208462300797116
95,0.9212794251739201,22.054510935350862,15.627537383746121,22.100468145030895,12.526368768035574,25.290084727136506,-28.118942930687343
96,0.9301221707254322,23.609138029179398,15.283957263845863,25.17901628986284,13.39899401652261,28.536861003753252,-28.197870642577435
97,0.9407655307604681,25.042464927226735,15.652012496761811,28.184505616417074,15.675332372839563,31.309652958612432,-28.137865386267574
98,0.9495066915832684,26.833536198696017,17.191342633597063,30.17792833532964,17.90361697419078,33.374378271930034,-27.053215431006567
99,0.9600957850429748,28.114323817676933,18.714482813759915,31.23711218848908,18.758291403207085,34.38037316292141,-25.110737871082947
100,0.9688994533813408,28.173469351361774,19.109397298481518,31.638265948418628,18.539970396400257,34.333299726921624,-23.364190885826684
101,0.9793739422333062,28.108591441495058,18.793979898238877,31.35761915110842,18.69935123768366,34.35571914044892,-22.026555811298486
102,0.9883006868096376,28.5531706572863,18.663375232486533,30.111418134315556,19.27308523087531,34.79224081545739,-20.692200009482402
103,0.9986542297160247,28.337538545766616,18.75397652698068,28.393475824733613,18.964874603783077,34.57433916243906,-19.067196568913058
104,1.0077105910882995,26.692373367722812,18.686591225950124,27.437161811782552,17.363180153384317,33.04282730973993,-17.287263292373865
105,1.0179375951915712,25.147707889154024,18.696114176261727,27.893611600732743,15.813348818006832,31.45630911712315,-15.868275100900302
106,1.0271293335844554,25.071435900907176,18.988066306030596,28.742816032313023,15.529459588883055,31.09802893741207,-15.151008388138576
107,1.0372249408814735,25.21649473530674,18.955855662555834,28.489297611690706,15.724912829559601,31.32145077287305,-15.411015491543692
108,1.0465570487731468,23.907358624411657,17.82412990239523,26.89981759554132,14.852819655394537,30.506567686961244,-16.057772678710673
109,1.056517119772077,22.15755510271851,16.100683969072165,25.28968317314774,13.041420114456233,28.683187551433722,-15.981515683906432
110,1.0659938364792638,21.838546553467225,15.130552514590693,24.808572245139032,11.935549902580705,27.484450061014595,-14.600806604630632
111,1.0758149329401894,22.10529522982542,15.337043915132227,25.00535047235394,12.17756027842629,27.722177455103914,-12.925009208886804
112,1.0854397593598608,20.95349654231178,15.856370966626496,24.52336491429696,12.752666403573647,28.454786644842116,-12.228222599016497
113,1.0951191278869112,19.02209337843719,15.77501745232673,22.762646205523584,12.647586194763797,28.350361712799618,-12.386481972672161
114,1.1048948396104923,19.068220451347358,15.404545777784781,21.11389101126406,12.301628179258199,27.767697799163248,-12.456352250419746
115,1.114430397784032,20.99817282555493,15.35773889220813,21.08555846255405,12.280397935617511,27.67284312651754,-12.351210094121852
116,1.1243590549048115,21.886489355598986,15.781432086246335,22.441953883417952,12.592004302284069,28.40641887349123,-12.64634323266457
117,1.1337493815181967,20.039903359762814,15.817618158235485,22.636855096845757,12.575468359299641,28.48342430235441,-12.781292228508772
118,1.1438323336031808,18.27198265444486,15.38520352720241,21.144816081062746,12.365551143437246,27.69297100060212,-12.166745814462555
119,1.1530766644017272,19.4359395492109,15.092843730940029,20.354271144684034,12.188173682881207,27.20167027811881,-11.746016045328238
120,1.1633145492928152,22.942962893488623,15.967113769461271,22.93156449438698,12.686233840265633,28.65795326883559,-13.054954300991602
121,1.1724127794061547,24.854317622102304,17.366965900826983,26.445566456996982,13.850884408037047,30.268609724393684,-14.879978992522844
122,1.182805514748625,24.957385511897545,19.252519783336986,28.394336884283504,16.342328228479897,31.513985279588397,-15.739469455622496
123,1.1917582087649947,27.170994619380785,22.55821367708614,30.62476611331853,20.184063298667354,34.9314669148165,-17.249846546531217
124,1.2023049754297284,36.761715322535395,29.794880600352332,39.91742446166956,26.32581304667517,46.6678970556581,-23.461565880970042
125,1.2111133857868048,51.976807553849426,40.17135874183714,56.34859138981084,34.63192131562252,65.91745219311474,-33.3150367413098
126,1.2218126026512042,67.40659083100176,51.35731697797199,73.91849863355166,45.16789395253478,86.8808924147686,-41.40088111356819
127,1.230478696717685,78.73752056511775,60.7776368312895,86.86018446347333,56.17174623434733,103.34676172455373,-44.80414514839622
128,1.2413279865933011,88.14694337802915,69.30796755219285,97.6277206797176,66.23952636918915,116.47280697283593,-47.10059878448867
129,1.2498544824946098,98.18537598098607,77.12495504160836,109.44061225515165,74.17250722980937,128.50318566919634,-51.438707893616055
130,1.2608506293307329,109.44883935162612,84.43196178554015,121.95727813466911,81.3048520897794,140.7199363092336,-56.287974523693435
131,1.269241040237009,119.87728522818932,90.91948582275009,132.54120299716251,89.13622760068115,152.7791045452787,-59.12517940715042
132,1.280092772978309,130.60682318509473,99.4097453026173,143.1022070864741,99.34022806553818,167.76474125665683,-62.24746844736109
133,1.2886386243339,141.74811890966805,110.18076618622531,155.49758999364022,110.63049306224576,185.43187451671326,-68.1263008438764
134,1.29933754510353,152.1013692856357,120.8068703167148,167.57765305833087,120.85113575586257,201.58587275395743,-74.4702332881452
135,1.308047446997407,158.49253639162544,127.4923761227792,175.51428169239531,127.4615770472711,211.4543853743061,-76.73801886010357
136,1.3185861353128336,161.90370068522458,130.74958568136537,180.358941058033,130.81593922044925,217.5457808121655,-75.30919143892997
137,1.3274676781704218,166.67826790928473,134.92317510629866,187.71311313517285,133.92120072154083,226.9633864366042,-75.7191839350455
138,1.3378396727166302,177.40688282762176,143.83640043482566,201.7014692343256,141.0394894661423,244.40871964043959,-81.97249713689347
139,1.346899444696296,195.46631700375823,157.89247469355632,222.71811620809493,154.14028515578013,269.65454116276385,-92.96336930738269
140,1.357099221665995,219.67202227459592,175.37775963952842,249.87832608395058,172.00586984865026,301.4065340811682,-105.49757957117471
141,1.3663428286812114,247.12514389461626,194.7551906671427,281.389304625894,191.59085865838424,338.3043394236177,-117.7419143066918
142,1.376365778774041,273.163533308591,214.7502739928613,312.2834866436084,209.81265406469768,375.5430021831343,-128.39507896127338
143,1.3857978650051699,291.1666287534743,232.70774477324255,333.71450264387147,223.12645436534447,402.43053042488754,-133.70702919995327
144,1.3956402711319484,294.64266916809345,244.5977046777872,337.03374841521753,227.1303549399754,407.02386987721,-128.4364944012641
145,1.405264537964546,281.5385777970864,247.65251592135587,318.65500411265833,219.04991985630778,384.4645464696314,-110.75701000896684
146,1.4149235556057285,257.0104464188829,243.68462227115108,283.35911460980054,201.0538002615416,342.28133489180726,-86.44024065008414
147,1.4247427770577126,232.80554443759556,238.7345081089972,243.26068047847426,181.33909959140473,298.32038877352784,-66.42112671410077
148,1.434216419078723,221.80937811676156,240.63350956878142,212.77742520168525,169.36970575953134,271.7037960342406,-59.6769750984474
149,1.4442324519544707,232.36736695611356,254.71401274130218,199.80360617713544,171.3575523062591,272.58554555481913,-67.12565484504685
150,1.4535195794872227,263.7743126818144,280.89596106651146,199.86750476470746,186.25200308542026,296.1649900594575,-81.9177761274751
151,1.4637333667197567,306.8320875301336,310.4249071436107,198.04945726912442,208.19059902948467,325.9131695814691,-94.27244762949142
152,1.4728336874825803,345.69048908837823,327.0646362388478,178.3146060549972,227.133443241398,340.80255684909594,-95.6656461802822
153,1.4832452533912504,366.39498056505096,314.64199604656284,134.4240095770936,235.41598559123827,326.8584155100209,-81.58902154209574
154,1.4921593285432817,362.2317933790107,268.12949193939056,73.33678084529976,228.79795402878332,282.19103758660015,-52.80977130222235
155,1.5027677650390254,336.0260737227724,197.78069985364147,10.822707547809104,210.65683632771274,218.4519372868485,-16.0725817061918
156,1.5114970253544884,294.9814639612741,122.40611326446366,-38.22150490000077,188.0620985368406,153.16637749583205,18.00768649920804
157,1.522300468462228,248.19982913187124,59.08735011938047,-65.79883967916066,169.03968633024942,101.80721186211859,40.40231169112671
158,1.5308472402711022,205.32616439949857,16.746565209007077,-72.53463395435551,156.24713634828575,70.64466650335477,48.59503115609524
159,1.5418428367026262,175.7412991379267,-4.704011245348722,-64.33627479918162,149.52480640530501,58.8424522538119,46.341374660410665
160,1.550210377683101,162.5892431970596,-13.220848268512315,-50.15831645680162,146.85905410786097,60.93135771555225,39.304882107947016
161,1.5613942415770852,162.8074814678731,-19.12723011877228,-37.01511596342992,150.4302414232531,72.59693044053468,30.87070453421521
162,1.569586786108987,169.82679823268512,-29.285754568435326,-28.291129484345046,162.55858817266164,88.94638403659437,22.596737549151857
163,1.5808647741130044,178.13710980256636,-43.534413650951976,-21.984311728124307,184.10137701231264,106.07019654021103,15.725239489500876
164,1.5889767598543758,181.68209866537345,-59.05902101787415,-15.743644900095985,210.11363009008122,119.600178326859,11.094795140287063
165,1.6000726860361247,178.64899895726245,-71.24626062772928,-7.06420910533325,235.73379544228814,130.4871421878832,6.699446082793112
166,1.6083805400880649,175.61156178244866,-74.86988681248258,4.695563976091115,259.00977471816293,142.87411166700073,-1.2705143239557413
167,1.6192848196239524,187.33014103810177,-64.95899086031626,22.049052308665992,286.16494173086284,164.73113631511322,-16.105096105466593
168,1.6277983152068352,219.1021027776674,-45.60628365422984,44.71780593528036,323.43760720502587,198.20803264174663,-36.30421059959296
169,1.638502556107616,258.74756169697673,-27.62814515798947,70.04701195721681,371.239722452014,238.85593476030903,-56.106593875606976
170,1.6472302203826648,283.8006085793625,-18.846356348646307,91.71116239535112,416.7316411999345,273.51726306898155,-67.71722604573752
171,1.6577271965242986,280.9504435622452,-14.222585058756959,104.74702668968304,440.4603708431561,288.42460428316707,-65.65957165197445
172,1.6666763362114547,250.4630364627235,-5.98458018905817,105.95523218502088,427.3977772476771,274.6023097985892,-49.369282511993084
173,1.6769599581644792,202.30856409719897,5.968681062810627,95.95212873568616,379.9528364429858,235.41932792308256,-24.384463672363378
174,1.6861366864103393,149.35512970646974,13.535195853430343,78.55579972835716,317.6586691691241,184.5889853762147,0.36377727625705564
175,1.6962019724383735,107.69977927682356,13.80376457252724,61.414049341656444,267.96576127601486,142.2549659427393,16.059226630122996
176,1.7056112345407264,87.15719831149644,9.79362822901204,51.061941571338586,248.6086560592163,122.21181068127724,19.223945152354066
177,1.7154542840311087,85.54664564318108,5.2658077590738905,49.03851435020971,258.72283885461314,125.32956964612315,13.181795055531975
178,1.725099879765717,89.05432800542815,0.5281311400337169,51.77699939777505,280.64494147974915,138.63898596713213,5.577824305721281
179,1.7347178511925914,85.06831054768207,-2.9667895204328953,53.789530913009486,291.64791174332504,144.64637060045862,3.7014709402801995
180,1.7446024516831204,68.93574686087861,-1.9659771912272483,51.224816425226926,277.0531194244007,132.29076107186262,10.617530479099612
181,1.7539935469881947,42.86420156947665,3.258604908377179,42.30373569810795,236.6856161290148,102.61209930591082,24.736098537231317
182,1.7641187043080122,12.225882862553574,7.513251270264026,28.16631358972184,184.86824911533174,66.53179134511649,40.787332748389815
183,1.773282161320611,-14.49750540455372,6.391078880818831,13.315045649687697,143.40206234879477,37.90869696467799,51.66979043364976
184,1.783648309311223,-27.62006577826898,1.0870038989431572,3.973783599374856,130.70882630866768,26.244654489044375,51.78592016198397
185,1.7925844035219458,-22.13681912232822,-4.098735991840126,4.106906836925811,151.49990577618698,33.334035201510744,40.41873540520361
186,1.8031908486517172,-3.4797522921809514,-6.689642633435838,12.213392236031117,194.65396613388313,53.30290561884471,23.06636069478359
187,1.81190090530827,15.085919511497321,-7.009709524857754,22.451622700581144,238.26672015775802,75.55547361016387,8.345157328505804
188,1.8227458067705689,22.148353592225174,-5.849119634431476,29.159541566058415,262.38143726812797,89.45405353233949,2.8385511729989545
189,1.8312322238869156,16.087065273812026,-3.1284255289283425,30.43667079170944,257.2411007036594,88.89758215423115,7.3285511834381705
190,1.842312562541993,4.32878054974723,0.5950717726830425,27.447605677989774,229.1453574412534,75.39758870951088,17.296722683516748
191,1.8505788450094913,-4.614382874183013,3.312954475832968,21.832011230632673,196.15360759234855,56.829549111050206,25.796412558832518
192,1.8618903812015482,-6.096879117163374,2.937937480690305,14.99240668881929,177.5863367718708,42.854637419515605,27.99790524797695
193,1.8699411857710464,-0.08046338707858383,-0.23768083709886545,9.869873599244814,186.58538578491255,40.06064512235509,22.360598883410525
194,1.8814784064930414,13.042001014368061,-3.191422301237947,9.460255455662587,217.00229375435669,47.2499957343985,12.137132681581688
195,1.8893195969680532,32.823915469756116,-3.9538555187117908,14.1180826842364,258.49734459284565,59.02204188285482,0.7830125159737858
196,1.9008614202957896,52.63396989628323,-3.160369516825907,18.685045703893174,290.1913055510272,65.62809485481772,-6.1580314000497145
197,1.9087143648442304,67.38869160956591,-1.6776051686724112,19.748330071451058,300.8927807522039,64.65370678547195,-6.288614273603171
198,1.9200357819667033,69.39556180557112,-0.14385681291860308,16.174962769692467,281.76441618337867,54.58513246519882,1.9654200436931455
199,1.928125712074034,61.096364532946765,2.3768533224577757,10.912124308342756,237.56752242150262,39.6366789147271,14.664739491453362
200,1.9392160615931704,46.46330565242176,3.360960362461748,4.356292727300791,180.99157590494036,21.761914463356792,26.59773891680772
201,1.9475537978580906,31.484318999463788,1.158688872794548,-2.640144662694263,132.09399594811327,6.014600780642244,33.45722529821466
202,1.9584038223957476,18.360127036420344,-4.622930652295791,-8.43353411873427,109.8599879758643,-2.4394045825138813,34.727951093716634
203,1.9669987170326324,8.618707417452075,-11.127020955790217,-10.142228726572194,121.75876655917233,-0.4371888654441285,31.395826008395858
204,1.9776005279451863,3.7793456793056803,-15.064747907918951,-7.413102214108506,159.39955624674337,9.388493326211359,24.349943657313602
205,1.9864604981256788,2.765108332403674,-16.290957619852804,-2.7990482297319037,202.15233329430671,19.93560289131917,16.820293439116433
206,1.9968075393994682,1.4581649495495639,-16.005755575822743,1.8244465821314082,230.69663709230926,26.938655024939717,10.922546776781383
207,2.0059391003258766,-4.270291043798961,-14.367067375308658,4.674078219253513,230.61339306370286,28.149123087220424,8.8885286395945
208,2.016026114275978,-11.548969251530073,-11.16902275418069,2.821330216443082,190.7343170631133,19.900532317373198,19.169456620718005
209,2.0254344093644563,-10.05542781480138,-5.517021579219332,-6.81480502247475,95.36622604653274,-3.8138968041330146,43.61863992874175
210,2.035257406587725,10.231932140931725,5.077592712557951,-22.542652957113933,-80.41400466817306,-45.192531537609895,72.31783399372299
211,2.044946232346778,35.377805150273275,24.651571642004793,-44.60641015254413,-378.6880172569922,-112.30249169613356,107.82340528581044
212,2.0545024681497854,18.81463110172098,51.20210834361454,-82.85885992906057,-822.7836522745281,-225.85702498030042,180.75412860268017
213,2.0644742916061167,-88.67518348062539,67.7751537022207,-143.66923916835748,-1346.603596536932,-392.9605578356956,304.3577137119587
214,2.0737622508437408,-336.8962501414684,65.6402390776848,-231.38472433178134,-1821.9819896535705,-609.0669861212851,419.52168239922315
215,2.084018217688355,-723.7101097815718,37.11895548637887,-342.76301634434896,-2122.5675034086057,-854.4224259120734,474.71748139439455
216,2.093037609614481,-1118.69407883728,-57.46888825013329,-455.9346261137752,-2144.397528672086,-1078.266714611865,508.3123419874761
217,2.1035775416112745,-1363.8748365775284,-238.4839730102682,-544.1955644540589,-1903.4091582269043,-1226.4826586224337,560.8730501413071
218,2.1123293059652433,-1439.4365558054408,-416.7965613850213,-592.7010086811497,-1581.882434352527,-1273.590058958284,547.4833491890142
219,2.1231516865755062,-1423.0596226775012,-497.34859090112724,-608.0022437182163,-1351.1873755956528,-1237.3105621297352,397.9854415740732
220,2.1316380117135716,-1293.5134894985247,-544.060883673697,-598.8314687460888,-1141.645903084631,-1141.7450406099981,261.63644598282735
221,2.1427399593351546,-1019.1717023514411,-643.1598424889904,-576.812445349416,-836.9826288640212,-1019.0624160798385,310.26311735533847
222,2.150964312772925,-780.853766909812,-638.9794309237267,-555.8673521578872,-606.6295400458181,-910.8115132288218,366.62349816783234
223,2.1623415414641896,-747.1607866646959,-347.9363649969994,-520.4458006798345,-636.4540459402174,-803.7190851688913,85.51588893837305
224,2.17030871273188,-672.5497920699448,-3.4487682918748814,-413.3167476804778,-623.368184742291,-597.4622606119817,-449.89383054355466
225,2.1819554807789427,-258.8015930044399,-0.7353884579235399,-228.61417259149374,-195.99969624967653,-274.1128726413678,-728.57715360076
226,2.1896716360153365,134.90094175418568,-186.5513222394831,-80.79687606453311,225.15612409206636,-38.4420218020661,-522.0064156450903
227,2.201580683197204,-44.0752398158603,-73.71921835209436,-46.70426082784465,-36.93480321782848,-35.19394704733888,-170.512378265006
228,2.2090534304293965,-300.46994201556515,138.72797415946778,45.355154806937485,-430.88772276122666,44.541532639591196,54.258100524714166
229,2.2208407983530054,550.7482748865463,-328.28974819563075,459.4167550911386,435.22041301665513,688.6562671091548,382.7828185174177
230,2.2284543689135616,2332.637956016003,-1362.836991002607,1101.8372117751599,2383.634034973992,1744.3715083085403,1008.7409197058555
231,2.2399823317012726,3052.9700814936755,-1655.0100703054636,1435.1817929312413,3117.0925489664314,2265.2947777900695,1557.4412307162097
232,2.247874650350008,1423.5196691954661,-571.4933704941396,1028.1681216345814,1163.0716075488722,1513.762504121097,1559.6372821716725
233,2.2591315788051514,-1182.3988866880877,635.6413516048225,80.16499189029123,-1839.7812658880239,-113.99344489077986,1152.3787831241384
234,2.267314399309694,-2428.769252437551,485.2575269290677,-773.1256777837045,-3157.440969095563,-1489.5929943220399,829.4801017550002
235,2.278290275306869,-1894.935282066589,-636.3189430204206,-1100.972984132734,-2353.6639418902523,-1920.043032013474,708.1760318053273
236,2.2867736646483245,-1021.2424497935391,-1180.5952732874332,-969.811085963199,-1185.321161994636,-1605.7882776982576,513.4873462652306
237,2.2974600380178356,-778.3019633460316,-691.2041284897801,-687.5613810168501,-827.2886589233059,-1107.2535296326357,168.53555135698403
238,2.30625241690101,-783.1202526001559,-118.88081802574175,-467.20797467895267,-812.5904536271518,-748.2959989339619,-71.36886291761873
239,2.3166423630179938,-556.2474875757991,-139.2505277313006,-360.3038553886851,-547.8138194268629,-574.6976523208388,-50.45425413599926
240,2.3257505444625064,-315.41533699485274,-360.9740583454157,-331.17181960412904,-273.5346638352903,-526.8146697040704,75.9428623012221
241,2.33583862538752,-320.9184149037655,-282.2734595493027,-309.9724786941822,-297.4322732971111,-501.3529745610424,100.25152620106617
242,2.345267848579152,-341.47617638238944,-40.61911494580637,-227.25756395443761,-354.87005808899306,-365.16288203345607,-41.66188677916877
243,2.3550500803592227,-138.09688998108942,46.1530445486034,-77.85372772719987,-161.71680275399237,-79.82364647834663,-324.6294880866305
244,2.3648040372186028,122.88591792496707,10.941767233292083,67.46838294195292,101.03940900512592,228.03094661121702,-651.5727782444063
245,2.374277865658321,188.469438065229,14.382781897668181,125.0881680639858,154.37168902596522,365.7104731193194,-811.997667541281
246,2.384358717923192,86.23581073007333,37.51851769866839,78.67015646214158,37.010148454431,264.09420265467145,-646.116130454618
247,2.39352300477988,-13.810617881985433,12.216322678781289,-10.246400854952443,-62.82372665722924,46.23598874671976,-278.9672277319873
248,2.4039313897917927,-46.11326852548906,-22.380966356572664,-61.93069978487093,-87.01239095716014,-95.5951048531507,-14.060003908106522
249,2.4127864109431965,-38.498587318364535,-27.563089857819378,-50.172756405245615,-77.29897382570488,-87.11211847115115,16.966325944875038
250,2.4235214347722196,-18.78439704682974,-36.00577323577721,-15.019444672073652,-60.26898769612554,-17.190968687714367,-45.7077716602427
251,2.432068891457381,-6.974341334685012,-47.34541125578907,-4.305905594076871,-49.09556393305025,2.74922743156401,-45.400110490477466
252,2.443128108481252,-17.818151271675248,-3.282492486030535,-21.449859391535295,-57.784730305542176,-33.39913493607464,-4.462208373624751
253,2.4513711522327033,-33.334059762271764,88.87902224260351,-35.39490162234153,-70.2644569420354,-57.99691916897936,-8.058377819414222
254,2.4627505308010096,-28.576207369029575,136.10378647829342,-28.80294881433459,-62.173489439176926,-41.82807589215071,-43.53595304454227
255,2.470693802178911,-12.778346668483213,91.8874347573201,-13.570013517036065,-43.23172057889608,-16.771099478333877,-43.04743573154817
256,2.4823876765285715,-1.835649015873868,13.144364256187606,-1.755797133856265,-29.533921500695378,-5.082969475358635,-0.5552498672205932
257,2.490037357243477,3.409208331692025,-27.214186096863916,5.160232656808748,-21.61797636159143,0.1014034444371546,28.38456840622368
258,2.5020383663791055,6.639600822681236,-24.209711562575972,9.768330585109988,-18.464727945313342,6.939771838981068,20.665205638083837
259,2.509402243860418,13.495580902437558,-15.527087482773752,15.489466418673876,-13.737770053663583,17.04061168440905,1.1485558058190857
260,2.5217012586614658,18.76265817456448,-18.762658174564475,18.76265817456448,-9.38132908728224,21.88976787032523,-6.254219391521496
261,2.5287888016028166,19.3570511901016,-19.66064590559369,18.599946524792653,-6.3512969860528345,21.61625809709055,-4.574395972086438
262,2.5408031527641137,15.86832106002004,-12.981072748507499,15.817752759953484,-6.199597787068016,18.910066690361635,-3.151918158447084
263,2.5481972848596914,13.396640053249866,-7.675372301000497,13.735104170777806,-7.289703983029025,17.52283970397273,-3.118079019176153
264,2.559912618980897,12.54070110454766,-6.4397498841381795,12.591015867727597,-9.172192671348137,15.891332302384834,-3.109729179723223
265,2.567627863389513,12.41270846612627,-4.003767993556813,12.235265728972768,-10.202302551458775,13.713445940723899,-3.098206230526426
266,2.5790316906841153,12.460523848587542,-2.782955373034418,12.426235446791846,-9.646000729329362,12.49625922730657,-3.231352088032558
267,2.5870806216381306,12.706185150941181,-5.655040729518077,12.791011272895636,-8.042711063182653,13.259837339268135,-2.057384225608751
268,2.5981622664492576,12.653813900675498,-4.696637125143381,12.661125568011517,-6.545995029866352,15.258592974129677,-2.7256387109757476
269,2.606555556747522,12.281516620628615,2.25388234880326,12.345909531241146,-5.071384665647036,16.682012504851798,-4.35148604091613
270,2.6173061071454,14.2871170993373,0.6845555098539147,14.354442651951297,-1.5934479160639943,20.059131640182496,-5.85638060535707
271,2.62605257522268,18.653243306392497,-13.042496529738132,18.46434790112943,3.2110720361701492,25.914808224999703,-6.8896589231334655
272,2.6364648349626525,18.340941985762306,-12.58899871386646,18.166321683006473,2.7183687371238063,25.530064578359763,-6.76921124455248
273,2.6455714882668535,8.656577016036811,21.772212334114116,9.041174006869188,-6.828746122684033,12.34547708672199,-5.024902052589956
274,2.65563993415033,-3.320121019170301,63.360172486492935,-2.873683920200553,-18.75016137034682,-4.748494947485844,-3.3203164333457043
275,2.6651120058388367,-6.835745114973802,69.92714569887353,-7.754817710050082,-22.816226350547872,-11.048784110273747,-3.3499444366427884
276,2.6748327532138387,-2.339415635482536,42.79558671459547,-5.011564881423149,-18.48941051578154,-6.107158239338295,-3.748301102207759
277,2.684673729530025,1.0819260097313357,18.536777086080622,-2.1066967152334946,-13.655407684649813,-1.6227209318572358,-1.8220554568518061
278,2.694044508298014,0.3402573821638457,11.976272293258017,-2.565748730742789,-12.561014737025205,-2.472956111094424,1.711524674590164
279,2.7042561444018007,0.4290500949610284,5.410285041413395,-3.191171380901335,-12.129016875760955,-2.845845147935995,3.5608025894112867
280,2.7132762874704652,2.754365471938219,-8.007731310731373,-2.626085374010154,-10.198208186624797,-0.4546665724246457,3.175449914914715
281,2.7238586099656743,2.452673372584972,-11.995889970039874,-4.048245080879145,-9.422916262822374,-0.6927114888624103,3.5519640466209115
282,2.732529055610444,-1.3858222011935932,-4.124128663068409,-7.800609483231384,-11.216327684376623,-4.672425949455448,6.5767963720727645
283,2.743480350527612,-3.151623658059722,-5.636551128447367,-9.409253896573983,-12.736920426948364,-6.106046859857203,10.438170202169754
284,2.7518036596071496,-0.9625152536679398,-22.478911287564696,-7.3839364329076025,-12.358425572192429,-3.4374266235935687,12.416146416643139
285,2.763120445154323,-0.2646959645942086,-31.370732383111275,-6.383575591628504,-12.879962161540693,-3.8796695894324094,12.422731781684925
286,2.7711008335758827,-3.7470623293176155,-19.06155210738943,-9.389269257503543,-16.040808611652253,-10.527057751432668,12.217007869290526
287,2.782777817551355,-6.404955171036017,-4.764017172309981,-12.946797245446357,-19.120935796315738,-16.167051417384563,12.592708815966581
288,2.7904212038114724,-4.801547126667761,-6.494497326310413,-13.402464612337097,-19.466441276070057,-15.167416150550032,12.81855723774186
289,2.802451226170592,-3.113326299170533,-12.727738680975083,-12.445935328972448,-18.712731818082432,-12.358630098876661,12.457619680952224
290,2.8097652932153214,-4.929141129772165,-6.707486456741945,-12.655542562724909,-18.91340206426045,-13.597884142065729,12.236348190526133
291,2.822139254887114,-6.210328035589201,3.3907085164559203,-12.444012267183581,-18.70097006130204,-15.64297740092296,12.520920746410804
292,2.8291335249551146,-2.394020127770157,0.184124856192233,-9.649635909763152,-16.02589709498819,-12.545437782628115,12.06796836714801
293,2.8416799265497406,3.068313381769123,-12.343511212552377,-6.290733558419555,-12.55034971829611,-6.336956689788539,9.439398825549286
294,2.8485262251442798,3.69958749329291,-15.174877242161177,-5.516807803772335,-11.376413545142514,-3.902117997840097,5.59361562773401
295,2.860748741641147,0.24620150982744238,-4.162743436567462,-6.245388017645115,-12.419419995764589,-6.05544074393378,3.2031372235688065
296,2.867943624361379,-0.43936603469117874,4.238808796524985,-4.938478646709149,-12.576599953738805,-6.65158066952811,3.147879663303045
297,2.8798269399866654,5.120053361999366,-3.841567802460348,-0.7157051253720355,-9.946272023905818,-1.1969483259581803,3.2460093974641335
298,2.887385857866754,12.808706953647393,-22.750727882474017,3.932714364578508,-5.761904539071527,7.545763190495127,1.7333019869818687
299,2.8989167279218724,15.932247619040183,-34.2691478914196,6.23398363875596,-3.18929011994753,12.51104443178768,0.07434547401583258
300,2.9068529644147434,11.561307537220976,-27.301583141718787,4.580614133131444,-4.762022870671597,8.655832644150038,1.2392068705259858
301,2.918020157557567,2.4773409967045295,-8.15911183272179,-1.1478543425284262,-10.561124634560095,-2.7479257335253444,5.144754821695915
302,2.9263448836036874,-5.218806575583874,6.028903493796591,-8.329750907487048,-17.497756313618968,-14.486690080650519,8.61019598091633
303,2.9371391247563974,-6.994039433207079,3.8910749375368057,-12.390223304261928,-21.544698826137218,-19.17327748177474,9.553141180981845
304,2.945861451751947,-3.656494973546187,-9.410877355701237,-11.032571221456767,-21.266929291523596,-15.802848308844384,8.660193704961616
305,2.9562753691472836,-0.2883400260746845,-18.660200088555833,-7.2425849039200845,-19.205377169189944,-10.434136298455115,7.084284262580062
306,2.9654023963355494,-0.8793670726670585,-15.072903608692148,-5.92602120594937,-18.873517071015552,-9.556653558191366,4.666699800535997
307,2.9754304759101835,-4.58061948185275,-4.212266538495759,-8.130693822714635,-20.88681182862333,-13.549831021358585,1.4443638842362652
308,2.984967329070884,-7.425124223775539,2.8333788462900875,-10.082984903894177,-22.361250007594993,-17.01272883925377,-1.4159465373979925
309,2.994605879039048,-7.065206265204335,2.0527684681258513,-8.260111397848766,-20.573753676344165,-15.164045349506592,-2.889772464670995
310,3.004555737773403,-5.803734527786635,-1.7442135120185014,-4.6022866878156234,-17.276274613509838,-10.036266247292579,-3.1402047450012627
311,3.0138028657724116,-7.3319859355469905,-3.3131277681126865,-4.266879340425784,-17.01171223113263,-8.04313993540641,-2.960507837431232
312,3.0241669771693416,-10.491425578276257,-2.968165835061247,-7.915441561303714,-20.098423370509714,-10.670697353097234,-3.541579596425484
313,3.03302258186944,-8.680755752576319,-4.055706343781862,-9.192019957639435,-19.976220895618635,-10.67375898917777,-5.4235263762900985
314,3.0438002588814537,0.7630045484152311,-7.73723023265539,-3.658758295212879,-12.169685263411056,-2.7027462211119744,-6.019541655106621
315,3.0522660374044874,10.4926065545639,-11.6421033097066,3.8390117952777856,-2.507330445322799,7.006345397611646,-1.5027105006769204
316,3.063454640850686,12.061367194164113,-12.102858419044887,6.4840615309697665,-0.34396470313220356,9.104056921876937,4.087657872822453
317,3.071534112755238,8.773448672901143,-6.937545366833166,7.482728421999836,-4.651528631157115,6.858570518905053,-3.6497077314688395
318,3.0831290164926752,10.387499328816556,2.080609979178448,14.750316069246443,-5.916352935138187,11.137747485572062,-33.007859198784494
319,3.090827564468584,16.206193657837087,9.111704679073744,24.781038096930825,-1.6383003948755646,20.613924759894097,-68.36156073881747
320,3.1028221039203805,14.471854974871857,8.800052272303896,23.69695535632195,-0.35218881488245807,20.834826100658603,-80.98447711718454
321,3.110147030704,0.988422830424681,2.296960917665591,7.515163774142258,-7.242224228110666,6.397048877116498,-61.00447896972045
322,3.1225324355909647,-13.598850590569711,-3.451656827095457,-10.79484910195662,-16.37225976886141,-10.749449086005963,-28.416728869440693
323,3.129493035976138,-20.47083382322355,-3.428896018695365,-20.060287544073475,-22.04946418350409,-21.235836425280375,-7.874811187969034
324,3.142258348755986,-25.246513120849837,0.10797259655868059,-25.232135982606962,-28.4281022662431,-31.711271888614604,-3.106253441800212
325,3.148865994946755,-36.351631940719656,1.8215416980555812,-35.242960777521596,-40.40815091715444,-49.25588300403537,-2.59265938994754
326,3.161641362558733,-49.70200589658453,0.08620023577449565,-46.64407393329528,-52.86970222590665,-65.34770302465012,-0.08616943500874373
327,3.1682662150493233,-54.89873766563978,-2.366336576501382,-49.74424272303033,-57.16251003353551,-67.92764655373097,1.3856331459007565
328,3.180677836356121,-50.66012275781412,-3.1429939460582323,-44.41871535822812,-53.639836015211586,-60.20605601991241,0.15604782194419775
329,3.1876938977685425,-44.62090919500921,-2.7323800648614567,-39.09125714416923,-49.36512676172676,-54.4330261365908,-0.752248311151193
330,3.199725602971558,-41.10326703883651,-2.9661773120686394,-37.616003948920465,-47.2324636626856,-53.35813535275544,-0.09287736310803946
331,3.2071491384397603,-37.704737076986,-4.39924565880462,-36.29579892379459,-44.19252285189264,-50.06579781688109,-0.3610590829702557
332,3.2187870321178544,-32.52180548458628,-6.003430444432559,-32.368725336255395,-38.823126477713835,-42.43033637457042,-2.5914728931201916
333,3.2266319244796002,-27.151032433638708,-6.6749517283134985,-27.39380502415042,-33.29874189831237,-35.56220679558908,-4.281937862185116
334,3.2378643201441535,-22.97557761810924,-6.396119243449593,-23.062881088275724,-29.191103647093517,-32.07876441695497,-3.5951756573394786
335,3.24614213200822,-18.92399164289323,-5.994146586919612,-18.747475676424045,-25.22902341242069,-28.37015229773375,-2.1338701386949546
336,3.2569594889696987,-14.15565764023187,-6.116182506086298,-14.046110393221682,-20.43663644611997,-21.568335935564235,-2.477497275502811
337,3.2656795208747056,-9.843831645214943,-6.302978874643742,-10.051749322755608,-16.040403160194327,-13.76856747484473,-4.6531418394761035
338,3.2760743871373084,-7.081595169206065,-6.225850114491159,-7.265414536190043,-13.297323534879732,-7.950014882671045,-6.257553447743727
339,3.2852437281486737,-5.055740757086665,-6.179024211673303,-4.725643862968075,-11.343693909787394,-4.33418000846811,-5.542115099134549
340,3.295210692678006,-1.9831667963066846,-6.175112924929265,-1.5723518626283295,-8.2691473442864,-1.4407792027687698,-3.6485286489647057
341,3.3048342601932346,2.291771194163024,-6.380966285432948,1.5117031594871249,-3.9064850377375095,1.6625416610434611,-3.143845520766817
342,3.314369917454952,5.599498158484668,-6.48877586553352,3.0929796802769918,-0.5954334624976727,4.801437997505734,-4.985071980524512
343,3.3244504834851925,6.247067612827652,-5.752892805642697,2.886812213515756,-0.05642761011181116,7.284746892595772,-7.000591354540065
344,3.333553412638563,5.8210917705410745,-3.999354309443534,2.595696294947856,-0.5007024219318982,8.844332947646796,-7.018874797517186
345,3.3440916143972643,6.928183906027833,-2.953419140176887,3.7682930401945383,0.7363306922943835,9.565079437734113,-5.738686735239603
346,3.352762374956088,8.863292718421087,-4.388857744373846,5.502978848700761,2.7216784203343005,9.418544994548304,-5.463955572054569
347,3.3637567082031934,9.362131129130601,-7.099566088266152,6.563873834372432,3.0328707906112724,9.687965315886844,-6.759343784114279
348,3.371997853357476,9.06968827492623,-7.842332903087146,7.909758595222945,2.635765148347791,12.577724936220081,-7.430179414490525
349,3.383444647608775,9.451064535925005,-5.343425211234766,9.732884809228871,3.3106083542609714,16.325556849582174,-5.457109614762839
350,3.39126075574565,6.324832804039745,-1.7321462105165168,6.789343757614578,0.46368478332368446,11.795612430084693,-1.8807657319425817
351,3.4031541311494107,-6.659800871905084,0.172522717430135,-6.788993629719795,-13.133813574380753,-8.494166745756594,0.17413383109450603
352,3.4105518554328444,-26.75817301158965,-0.1747679628511455,-27.175620006224612,-34.79853583365636,-37.53683043061972,-0.8597849166895078
353,3.422883661826903,-42.12653002841894,0.25858786894934627,-41.9896207336408,-51.66951960367553,-58.17303493408073,-3.5043395243510167
354,3.4298717970051955,-44.752937562241584,2.8574067629343434,-43.17282517807865,-54.732877584246644,-60.72349949937005,-5.496959004593717
355,3.442631536383965,-36.58380347682908,-4.657407678808574,-33.35801090396817,-45.87695505119861,-48.67882573430608,-6.287536805225137
356,3.4492211013052403,-21.032777227868095,-45.41682862401186,-17.872681726112763,-28.89700675094229,-26.472257758974262,-6.511682001734241
357,3.4623958356339397,0.358028763615584,-120.08594254717002,0.2864938725915408,-5.872493191873342,3.625028606384714,-6.242971067654145
358,3.4686001692755237,19.533958485800248,-180.6276726871728,14.923495048853916,14.207340687186303,29.699659261373572,-4.9961603503400696
359,3.481585811663035,22.301280624713964,-168.4167786562797,16.0090085285273,16.130779946109804,31.930977211344793,-3.20288292764293
360,3.488009284445782,6.143124093771079,-88.32808223214585,2.4730014736229227,-2.076192935775183,7.843586599216817,-2.2442900876279066
361,3.5005907211692384,-11.426593138734988,-14.09355021665229,-11.65003932594087,-20.81231176728712,-17.246805978561206,-2.961092509641969
362,3.5074486138903773,-12.248732453341207,-1.3240680911826468,-12.265791063375861,-20.63727202618128,-18.28402137870682,-4.6883295114432535
363,3.5196089278942777,0.7375484777109491,-24.984456761535863,-1.9161219960438567,-5.768134105484421,-0.17714773381327462,-6.106981433937266
364,3.526918207531087,10.624223271500767,-28.19534948313628,6.208786128070733,4.925300922262446,13.531632259257213,-6.518062300669935
365,3.5386429554221674,10.221073498531393,-3.0760284294706426,6.682810839490438,4.103873034302255,13.484725857657184,-6.307472288389728
366,3.5464179957121926,7.754981074464062,14.763051150501314,5.623446185920882,1.2756317328885958,10.648791157639629,-6.200258336985419
367,3.557695135154198,10.868215662749833,11.383453993911594,8.226078376202269,4.547369796725472,14.01781752299107,-6.295533252393795
368,3.565947785028874,15.296484958244072,9.182050313598518,11.1281822233573,9.116538182623422,17.830415584645987,-5.787699182992981
369,3.5767676062639104,12.56837615407287,20.635740025766534,8.682900431708344,6.3214012842007365,13.254015439017305,-4.016383014233218
370,3.5855072524457503,2.35476382370456,27.47190982350196,0.9284696516923736,-3.841962080128339,1.3822200669255664,-1.5654310237398994
371,3.5958623178348494,-7.2822859065487,13.441186343781277,-7.072167973405989,-13.448951470450366,-9.616889611888427,-0.04721374706273127
372,3.6050959377984437,-10.022639579648812,-10.123705351290162,-11.043673382798698,-16.441575766018726,-14.423917585999945,-0.5058599825290258
373,3.6149810328315355,-7.6055021267965515,-22.30019716310243,-10.583606546041082,-14.078342076705102,-13.781154330684558,-2.2917378322788164
374,3.624713234826713,-5.335215821598043,-18.28566228836338,-7.87080640211592,-11.251471806804068,-11.010161033151144,-3.675302515245265
375,3.63412533353261,-4.380693962413468,-7.9563657044898495,-4.879530552345945,-10.095359690805678,-8.142387313049841,-3.6009384501443376
376,3.6443583809415716,-1.2348511457768983,-0.346006543661166,-1.4931525842673419,-8.242722332333939,-4.270945907506929,-2.7540868971608212
377,3.653296628041563,5.315217815747404,2.6803658595706708,3.0992833103847666,-3.5841851920096652,1.8910214818351827,-2.6331812753372303
378,3.6640304459804027,11.169865158385623,3.2401716709833512,7.994529884547939,1.9494018066782026,8.607363100673407,-3.4988934969228644
379,3.6724961574846673,11.87257931814654,3.229315290518349,10.353377273473965,4.327549344006611,11.33123077549149,-3.864221437845917
380,3.683728320251626,7.761986358533944,3.059559048705601,8.24518247886458,1.915809790732394,7.556239526659871,-2.536574312775141
381,3.6917250035086058,2.646833833242617,1.7878938760464673,3.271987315303028,-3.0474865972598875,0.5595968360695767,-0.5564913585322618
382,3.703450702213881,-0.5680681487639643,-0.6449901495181933,-0.74069774718988,-6.995873159087581,-3.716875752352442,-0.10331724128944438
383,3.710984095700412,-1.1669557957575836,-2.6976206184256424,-1.4311703837334264,-7.776996589147907,-2.8314611563672236,-1.6420082323076701
384,3.7231960861722904,0.4113240747382888,-2.990132236887902,0.44884895806623337,-5.746297820283572,0.6732366519134143,-3.3677429388784805
385,3.7302742185710174,2.5564726141993077,-0.6350493924464276,2.53508355655041,-3.4021017385779464,3.05326841196128,-3.677143726795571
386,3.74296275040594,3.050716774751504,3.680874412927529,3.089210126538756,-3.255990215145977,3.008261118028274,-3.0441432882962953
387,3.749596017769269,1.4446389634066963,6.169090275430143,1.8680839856883653,-5.07566911906201,1.519964634936063,-2.790082810285478
388,3.7627487461649105,-0.039019270249171754,2.725037200458552,-0.11756046531698067,-6.265630896188234,-0.08799621474269913,-3.153092715482743
389,3.7689500052262273,0.7450269916530226,-4.84688964076674,-1.1337495835385536,-5.20677483328222,-0.8420434557221874,-3.3554465715333492
390,3.7825518879921987,3.1271096957607463,-9.38132908728224,1.629811893224852e-16,-3.127109695760746,1.469149277269807e-16,-3.1271096957607463
391,3.788336562968626,4.418922756220493,-7.3985351888873385,2.2492880150243484,-2.2096844485157705,1.9423047812447007,-2.942252985293647
392,3.801513532549918,3.263676682516294,-3.306255739490899,3.152963623515654,-3.034860430607917,3.120670520052014,-3.1104807824771825
393,3.807755945385485,0.9955369280789409,-2.2983223382046614,1.8400900705152874,-4.6468467760289425,2.2202458387022985,-3.286904086052482
394,3.8204876928582645,-0.029608768914077665,-3.114864432218671,0.13106684506618352,-6.109922799548833,0.21988416035818395,-3.158383751369779
395,3.8272082797816194,1.0324070664263578,-2.0919784326981343,-0.24223100999305486,-6.844533301311964,-0.8216842483439644,-2.9486119068000938
396,3.839477246055396,2.8542165179546584,-0.15903915232650995,0.005954517034055223,-6.465315947912965,-0.24190549897990352,-3.064554956855766
397,3.8466935651058396,3.707594733422505,-0.5885000532346771,-0.2587935358990437,-4.997210313144079,1.2352933184257966,-3.3973049670580453
398,3.8584848601818846,3.3040941387961027,-2.764284245287027,-0.2344313895816117,-3.4058731062455676,2.788563781150316,-3.3001217628764348
399,3.8662116687987464,2.760221287475665,-3.0266592573782853,1.2252934367942152,-2.7398237891352704,3.8083065802150085,-2.2260650587027966
400,3.8775129926248058,2.956261976744923,-0.7566016087726308,2.934201888909038,-2.9923970132506357,3.54320176407405,-0.5038902866142344
401,3.885762321764149,3.4295303457286423,0.9420275646805725,2.686341887817882,-3.308941181486764,1.8640566628996862,0.7259097582926445
402,3.8965638911512634,3.3283844769690405,0.44368810422158905,0.7108813626375667,-3.2138799611143867,0.21237877152688972,0.4838059680983993
403,3.905345111528536,2.799627913625196,-0.5052889205360742,-0.6593857260053143,-3.0173021383528256,0.3452591220959487,-1.0419613885792558
404,3.915639597168709,2.832328963378527,-0.307360454614923,-0.36509065445125277,-3.0581005007997404,2.2173274139413235,-2.6665802880533986
405,3.924959473713125,3.5644558005734717,0.29272960754497757,0.3311569102372251,-3.185779026033236,3.923038286887058,-3.3985464383723794
406,3.9347419508219494,3.6838227990124754,0.21565870007069712,0.2417223944817578,-3.1727643132901715,3.839377219911822,-3.2821938669200916
407,3.944604682002337,2.2435562322512994,-0.1670757017652307,-0.18900157453560337,-3.0810938453925045,2.2265000275479374,-3.019080685078028
408,3.9538725975173072,0.39672766621562944,-0.14547427838990468,-0.1688338148253213,-3.0779669291315885,0.5533468807378582,-3.036934306851754
409,3.9642798368491317,0.1958571868563592,0.08703338316978006,0.10688588507470548,-3.1577153299753067,-0.19301843444372907,-3.1788481474594574
410,3.9730329954537096,1.9027799493832733,0.09013867028519516,0.11514721602510662,-3.170462959130598,-0.14635773075605923,-3.1824482649344694
411,3.98398385321159,3.6076199084247236,-0.038961734610891655,-0.05832575875221623,-3.091230556051325,0.06046246083132731,-3.095086927540173
412,3.992224423738306,3.7292038468920583,-0.0502338117457206,-0.07565504901257702,-3.0597756505183002,0.07113407000400973,-3.0830941905422704
413,4.003715447663974,2.865768048757286,0.0207848981238336,0.028379456416018148,-3.161861136590139,-0.028799866056983286,-3.142846500903049
414,4.0114479906710185,2.622820467900601,0.031138792820026684,0.04578849216097949,-3.211505627050702,-0.046590808269583284,-3.1537164999207397
415,4.023473125269623,3.3275811532122908,-0.007314744456621881,-0.013586949802017417,-3.083224176240901,0.01456711922698535,-3.1164045764450328
416,4.030704641797276,3.7521234016871614,-0.013830331105529593,-0.027379244927405542,-2.9863152698352393,0.032338468595875414,-3.1031196244538486
417,4.043255166640482,2.882834275966487,0.0025663526098645808,0.005533553662578777,-3.1714076223850944,-0.007513288158717997,-3.130892826233816
418,4.049995167351842,1.1792855704713108,0.0059676297032243055,0.01453652716176802,-3.3401154381132523,-0.02371717884217591,-3.1380523695147793
419,4.063059615638559,-0.09050889527255332,0.0,-0.001689762940841462,-3.075989026170145,0.0029170866264007188,-3.1245780652935973
420,4.069320208747542,-0.3165175195828648,0.0,-0.006268090660810143,-2.695533738961144,0.016101119015372103,-3.115037535441301
421,4.082884268197144,0.015479814771490557,0.0,0.0,-3.1777946046043284,-0.0013331615335793782,-3.127594499024938
422,4.088680263801242,0.1589565227853847,0.0,0.0,-4.713934108424862,-0.014857556775776453,-3.1303944022812398
423,4.102495078986477,0.003014393119733344,0.0,0.0,-6.237366304343591,-0.000285663382887362,-3.127110925116884
424,4.108075690434183,-0.10259977256729964,0.0,0.0,-6.672559964128654,0.009200141148124955,-3.123882602405516
425,4.1214247972461715,-0.010133409566856308,0.0,0.0,-6.289155746567295,0.0008463545630962466,-3.1266767252108694
426,4.127506708634695,0.0667970389961929,0.0,0.0,-6.031447848377793,-0.006845655184447469,-3.123916379646119
427,4.140369060349379,0.012406771957902022,0.0,0.0,-6.215822255623457,-0.0008639729935659005,-3.126344544550381
428,4.146973400526674,-0.04881426616845973,0.0,0.0,-6.380973780917724,0.0,-3.1239770403271825
429,4.15933089973613,-0.012803921470988517,0.0,0.0,-6.286043884739077,0.0,-3.1260272118409147
430,4.166475708446823,0.03148338496025479,0.0,0.0,-6.167457633009507,0.0,-3.124064345317656
431,4.178313118590835,0.010806850884444965,0.0,0.0,-6.223318640863708,0.0,-3.125726589864257
432,4.186013430995919,-0.021101718720703773,0.0,0.0,-6.306716004014902,0.0,-3.1241779449212124
433,4.1973182913483145,-0.008374815052648215,0.0,0.0,-6.278166274629494,0.0,-3.1254443615870984
434,4.205586217093554,0.0038836698726346956,0.0,0.0,-6.212227386340373,0.0,-3.124317374359144
435,4.216348765856193,-0.0006735059913124041,0.0,0.0,-6.228469965582817,0.0,-3.1251820354883666
436,4.22519355813037,0.004210970091613594,0.0,0.0,-6.2791548375072,0.0041687157805688204,-3.124482048102238
437,4.235406667789259,0.009227555785856077,0.0,0.0,-6.272344141501106,0.005557340587531051,-3.12494095208104
438,4.244834778376051,-0.019338523040452704,0.0,0.0,-6.226583762497919,-0.009558569891593899,-3.124671253237022
439,4.254493906885505,-0.025327357237015402,0.0,0.0,-6.225664998375361,-0.013412308334600083,-3.124722291285855
440,4.264509023863684,0.030760814677626102,0.0,0.0,-6.278968743377181,0.017174654226616806,-3.1248841420889932
441,4.273612184556629,0.0465723791727854,0.0,0.0,-6.288235182498937,0.027106371132632735,-3.124527080317999
442,4.284215250030672,-0.044584380369836786,0.0,0.0,-6.216731619357455,-0.026816997660479982,-3.1251197243584583
443,4.292763002418269,-0.0797063041561947,0.0,0.0,-6.188442672257267,-0.04919140829721694,-3.124356201758009
444,4.303952208451684,0.060218166414737914,0.0,0.0,-6.29931839956155,0.03788813465162548,-3.125376859053151
445,4.311947671287027,0.1304964055314686,0.0,0.0,-6.358217666969938,0.08318256009861473,-3.124210401494398
446,4.3237184330496525,-0.07695888575932874,0.0,0.0,-6.184862786319009,-0.04936824747938057,-3.125654246525218
447,4.331167320202205,-0.21021301549099752,0.0,0.0,-6.055267633062794,-0.13465107292632536,-3.124090296247439
448,4.343512226214781,0.09442541751182253,0.0,0.0,-6.34813718422634,0.059793120567071464,-3.125950420937762
449,4.3504229050502525,0.34746550146073435,0.0,0.0,-6.657955155730518,0.21447152533461772,-3.1239963804108855
450,4.363331645298769,-0.11397307692453129,0.0,0.0,-6.078757315171609,-0.06708778260509024,-3.126263743497985
451,4.369715216398508,-0.6482852127032055,0.0,0.0,-4.499819881438883,-0.3501610538897546,-3.1239290319804276
452,4.38317448998038,0.14774310576230906,0.0,0.0,-3.022750377801504,0.06754541583285655,-3.126592396799149
453,4.389044886181232,2.1010571704101615,0.0,0.0,-2.580452425138975,0.64244124867074,-3.1238885173737403
454,4.403038291018931,3.1256955938607263,0.0,0.0,-3.1564303994534604,-0.0477936830626939,-3.1269343806124597
455,4.408412392925459,1.973116359711091,0.0,0.0,-4.427409713861466,-1.9796890124020354,-3.123874994986861
456,4.422421304821678,0.04729228343682283,0.0,0.0,-6.198645304598705,-3.1258758250304624,-3.1269343806124605
457,4.427818065254415,-0.6271865512155967,0.0,0.0,-7.361260050303563,-2.1010571704101615,-3.1238885173737407
458,4.44131989074554,-0.06442200355882051,0.0,0.0,-6.453313479464294,-0.14774310576230906,-3.12659239679915
459,4.447262083463051,0.3212352430137346,0.0,0.0,-4.051956910435118,0.6482852127032055,-3.123929031980427
460,4.460235144349948,0.05771675571203497,0.0,0.0,-3.024971089630718,0.11397307692453129,-3.1262637434979856
461,4.466744479021429,-0.16563232089695157,0.0,0.0,-4.570454839420864,-0.34746550146073435,-3.123996380410885
462,4.479170241839959,-0.03812928933988764,0.0,0.0,-6.199729338781536,-0.09442541751182253,-3.125950420937762
463,4.486265131926567,0.0582146797753844,0.0,0.0,-5.41702637122064,0.21021301549099752,-3.1240902962474397
464,4.498128112343122,0.00581686197845839,0.0,0.0,-3.4865414605699723,0.07695888575932874,-3.125654246525218
465,4.505823765890761,0.03065427746492813,0.0,0.0,-2.8541087929820983,-0.12556082275200645,-3.124210401494398
466,4.517111438539932,0.04290644976159197,0.0,0.0,-3.1551221462857226,-0.05562758975318508,-3.125376859053151
467,4.525419941423535,-0.11608839721662911,0.0,0.0,-2.7933369524562024,0.06831366600748615,-3.124356201758009
468,4.536122659998639,-0.11786568939409772,0.0,0.0,-2.6506856339286275,0.03314527861537212,-3.125119724358458
469,4.545053046932892,0.2146451008025155,0.0,0.0,-4.319854989202321,-0.02568049680914073,-3.1245270803179985
470,4.555163978768288,0.24726626687026582,0.0,0.0,-6.207710871985523,-0.006975435883875943,-3.1248841420889932
471,4.564722288039693,-0.3674836764162935,0.0,0.0,-5.505028956336618,-0.008282200842271777,-3.124722291285855
472,4.574237366760119,-0.5479767228634413,0.0,0.0,-3.3723970518320723,-0.02491541113179545,-3.124671253237023
473,4.584426675364268,0.8095336462217836,0.003121920828382166,0.0,-3.8386792934380893,0.040229806397674366,-3.1249409520810403
474,4.593344574433385,2.6964322580423152,0.006416655132597285,0.0,-7.437142977544985,0.07231385961509759,-3.1244820481022377
475,4.604165011106174,2.937890986383836,-0.007014261321214234,0.0,-9.94000060591321,-0.07015623390231003,-3.125182035488367
476,4.612487140297696,1.236379489088493,-0.015159100289827424,0.0,-8.417483012916753,-0.13702195163688813,-3.124317374359144
477,4.623935874795113,-0.4040692284166505,0.012041983440728361,0.0,-5.355672965798311,0.10389449572555298,-3.1254443615870984
478,4.631666400749707,-0.5100305328231475,0.02992701968019852,0.0,-4.833389868335252,0.24236088845360407,-3.124177944921212
479,4.643737608642042,0.16840060224173142,-0.01754760823422962,0.0,-6.854494752020598,-0.13712051420169288,-3.1257265898642568
480,4.650883499777728,0.304725955264731,-0.05307867929679692,0.0,-7.74753799759554,-0.41223356500475583,-3.1240643453176555
481,4.663568302963668,-0.07968235382474616,0.0223338779753096,0.0,-5.64804696081905,0.17894589491048243,-3.1260272118409147
482,4.670139398092763,-0.19938213706960362,0.08777828661952733,0.0,-3.0954979879929674,0.767581091092844,-3.1239770403271825
483,4.683425782189616,0.03594426572680215,-0.024503909080799222,0.0,-3.3560015037790714,-0.25914144885479984,-3.1263445445503817
484,4.68943488127851,0.13249490713020232,-0.13898077768454653,0.0,-5.589556154576932,-2.3757905108624406,-3.12391637964612
485,4.703307591988988,-0.01303714983053307,0.021522119631226726,0.0,-6.188161790080526,-3.090736304829392,-3.126676725210869
486,4.708770566595143,-0.08628304404559603,0.22305129938537016,0.0,-4.298644345705336,-1.5910764420786987,-3.1238826024055157
487,4.723210988070675,0.0016569684613131652,-0.006810274282644942,8.921768450256957e-05,-3.130235165343174,0.014483990356601978,-3.1270217074323807
488,4.7281469081216505,0.05368536780149007,-0.3597299607647278,0.006518561889058337,-4.608719528111931,0.17438764786941474,-3.1238758403921816
489,4.742330824973062,0.002999480697234574,-0.03408909045028642,0.0007467477599831418,-6.235414053717014,-0.009336194606524878,-3.1268477512649553
490,4.747564199978003,-0.03108601396829669,0.6449897846791108,-0.015126675091088696,-5.238713233796688,0.43100786117947004,-3.123896119871579
491,4.761199110637205,-0.0038894128289472894,0.1634815021776913,-0.0036206000975567833,-3.2439416641310443,0.14456766987314532,-3.1265089024503134
492,4.767022577430747,0.016118506471932775,-1.7540828187918849,0.02864553472126397,-3.5355207200927676,-1.7377057324948577,-3.1239433619552823
493,4.780086276983405,0.002968407548129737,-3.1102278987194185,0.010242478385664631,-5.872090400946517,-3.1335139633193387,-3.1261839015107302
494,4.786522015752483,-0.00691739873347807,-2.26533535104135,-0.04827700197503056,-7.1889769700328925,-2.0388596097308573,-3.124017381501474
495,4.798995635537466,-0.0015057410730209915,-0.34877685503329137,-0.023057076023894785,-6.513064016165061,-0.17327857440104533,-3.1258747026669096
496,4.806062326776061,0.0,0.5053060178281797,0.07538710749871189,-5.7227826757119,-0.5497020435405772,-3.1241178845830073
497,4.81793023229056,0.0,0.14130262546091446,0.045642879103883975,-6.050987330647198,-2.6659670534404047,-3.125583078215183
498,4.825643153156739,0.0,-0.13368221216351162,-0.11197527268426159,-6.562199143183028,-3.185088061941359,-3.124244464602836
499,4.8368928495098285,0.0,-0.009315545458502494,-0.08380498047437196,-6.401426650071142,-0.9962503161915334,-3.1253106231297543
